scenario_id,timestamp,true_label,predicted_label,confidence,service_count,is_correct
1,2026-02-23T10:00:00, normal, normal,0.9996997,3,True
2,2026-02-23T10:00:05, normal, normal,0.9993074,3,True
3,2026-02-23T10:00:10, normal, normal,0.9997421,3,True
4,2026-02-23T10:00:15, normal, normal,0.9988136,3,True
5,2026-02-23T10:00:20, normal, normal,0.9994677,3,True
6,2026-02-23T10:00:25, normal, normal,0.9996834,3,True
7,2026-02-23T10:00:30, normal, normal,0.9994703,3,True
8,2026-02-23T10:00:35, normal, normal,0.9791159,3,True
9,2026-02-23T10:00:40, normal, normal,0.9995863,3,True
10,2026-02-23T10:00:45, normal, normal,0.999705,3,True
11,2026-02-23T10:00:50, normal, normal,0.99962306,3,True
12,2026-02-23T10:00:55, normal, normal,0.99974734,3,True
13,2026-02-23T10:01:00, normal, normal,0.9993092,3,True
14,2026-02-23T10:01:05, normal, normal,0.9997087,3,True
15,2026-02-23T10:01:10, normal, normal,0.9993062,3,True
16,2026-02-23T10:01:15, normal, normal,0.99952865,3,True
17,2026-02-23T10:01:20, normal, normal,0.99959105,3,True
18,2026-02-23T10:01:25, normal, normal,0.9325758,3,True
19,2026-02-23T10:01:30, normal, normal,0.99962103,3,True
20,2026-02-23T10:01:35, normal, normal,0.9996842,3,True
21,2026-02-23T10:01:40, normal, normal,0.9993679,3,True
22,2026-02-23T10:01:45, normal, normal,0.999038,3,True
23,2026-02-23T10:01:50, normal, normal,0.9993098,3,True
24,2026-02-23T10:01:55, normal, normal,0.999764,3,True
25,2026-02-23T10:02:00, normal, normal,0.9996716,3,True
26,2026-02-23T10:02:05, normal, normal,0.99917585,3,True
27,2026-02-23T10:02:10, normal, normal,0.99956053,3,True
28,2026-02-23T10:02:15, normal, normal,0.9990018,3,True
29,2026-02-23T10:02:20, normal, normal,0.99885154,3,True
30,2026-02-23T10:02:25, normal, normal,0.99957556,3,True
31,2026-02-23T10:02:30, normal, normal,0.9965005,3,True
32,2026-02-23T10:02:35, normal, normal,0.9995115,3,True
33,2026-02-23T10:02:40, normal, normal,0.9995623,3,True
34,2026-02-23T10:02:45, normal, normal,0.9995115,3,True
35,2026-02-23T10:02:50, normal, normal,0.99931717,3,True
36,2026-02-23T10:02:55, normal, normal,0.99556595,3,True
37,2026-02-23T10:03:00, normal, normal,0.99972504,3,True
38,2026-02-23T10:03:05, normal, normal,0.9996489,3,True
39,2026-02-23T10:03:10, normal, normal,0.99957687,3,True
40,2026-02-23T10:03:15, normal, normal,0.9992173,3,True
41,2026-02-23T10:03:20, normal, normal,0.9994549,3,True
42,2026-02-23T10:03:25, normal, normal,0.9995321,3,True
43,2026-02-23T10:03:30, normal, normal,0.9985057,3,True
44,2026-02-23T10:03:35, normal, normal,0.9184592,3,True
45,2026-02-23T10:03:40, normal, normal,0.9996866,3,True
46,2026-02-23T10:03:45, normal, normal,0.98747593,3,True
47,2026-02-23T10:03:50, normal, normal,0.99896955,3,True
48,2026-02-23T10:03:55, normal, normal,0.9997168,3,True
49,2026-02-23T10:04:00, normal, normal,0.9997203,3,True
50,2026-02-23T10:04:05, normal, normal,0.9991254,3,True
51,2026-02-23T10:04:10, normal, normal,0.9325758,3,True
52,2026-02-23T10:04:15, normal, normal,0.9997085,3,True
53,2026-02-23T10:04:20, normal, normal,0.99957484,3,True
54,2026-02-23T10:04:25, normal, normal,0.99973804,3,True
55,2026-02-23T10:04:30, normal, normal,0.9786876,3,True
56,2026-02-23T10:04:35, normal, normal,0.9994753,3,True
57,2026-02-23T10:04:40, normal, normal,0.99932957,3,True
58,2026-02-23T10:04:45, normal, normal,0.99884015,3,True
59,2026-02-23T10:04:50, normal, normal,0.99956805,3,True
60,2026-02-23T10:04:55, normal, normal,0.9988715,3,True
61,2026-02-23T10:05:00, normal, normal,0.9994628,3,True
62,2026-02-23T10:05:05, normal, normal,0.9979924,3,True
63,2026-02-23T10:05:10, normal, normal,0.99974555,3,True
64,2026-02-23T10:05:15, normal, normal,0.9996494,3,True
65,2026-02-23T10:05:20, normal, normal,0.9994824,3,True
66,2026-02-23T10:05:25, normal, normal,0.9996031,3,True
67,2026-02-23T10:05:30, normal, normal,0.99963117,3,True
68,2026-02-23T10:05:35, normal, normal,0.9995309,3,True
69,2026-02-23T10:05:40, normal, normal,0.98643804,3,True
70,2026-02-23T10:05:45, normal, normal,0.9975007,3,True
71,2026-02-23T10:05:50, normal, normal,0.99957436,3,True
72,2026-02-23T10:05:55, normal, normal,0.9997261,3,True
73,2026-02-23T10:06:00, normal, normal,0.99968886,3,True
74,2026-02-23T10:06:05, normal, normal,0.99976414,3,True
75,2026-02-23T10:06:10, normal, normal,0.9994677,3,True
76,2026-02-23T10:06:15, normal, normal,0.9997402,3,True
77,2026-02-23T10:06:20, normal, normal,0.99645656,3,True
78,2026-02-23T10:06:25, normal, normal,0.9996669,3,True
79,2026-02-23T10:06:30, normal, normal,0.9969909,3,True
80,2026-02-23T10:06:35, normal, normal,0.99970895,3,True
81,2026-02-23T10:06:40, normal, normal,0.99955827,3,True
82,2026-02-23T10:06:45, normal, normal,0.99966466,3,True
83,2026-02-23T10:06:50, normal, normal,0.9990466,3,True
84,2026-02-23T10:06:55, normal, normal,0.9996431,3,True
85,2026-02-23T10:07:00, normal, normal,0.9984365,3,True
86,2026-02-23T10:07:05, normal, normal,0.99957305,3,True
87,2026-02-23T10:07:10, normal, normal,0.9996443,3,True
88,2026-02-23T10:07:15, normal, normal,0.99961674,3,True
89,2026-02-23T10:07:20, normal, normal,0.99642664,3,True
90,2026-02-23T10:07:25, normal, normal,0.9980698,3,True
91,2026-02-23T10:07:30, normal, normal,0.9972893,3,True
92,2026-02-23T10:07:35, normal, normal,0.9989139,3,True
93,2026-02-23T10:07:40, normal, normal,0.78790534,3,True
94,2026-02-23T10:07:45, normal, normal,0.9996617,3,True
95,2026-02-23T10:07:50, normal, normal,0.999708,3,True
96,2026-02-23T10:07:55, normal, normal,0.99688643,3,True
97,2026-02-23T10:08:00, normal, normal,0.99938774,3,True
98,2026-02-23T10:08:05, normal, normal,0.9992723,3,True
99,2026-02-23T10:08:10, normal, normal,0.9990664,3,True
100,2026-02-23T10:08:15, normal, normal,0.9996271,3,True
101,2026-02-23T10:08:20, normal, normal,0.9996433,3,True
102,2026-02-23T10:08:25, normal, normal,0.9994542,3,True
103,2026-02-23T10:08:30, normal, normal,0.99960405,3,True
104,2026-02-23T10:08:35, normal, normal,0.9989569,3,True
105,2026-02-23T10:08:40, normal, normal,0.99958676,3,True
106,2026-02-23T10:08:45, normal, normal,0.9992094,3,True
107,2026-02-23T10:08:50, normal, normal,0.99765235,3,True
108,2026-02-23T10:08:55, normal, normal,0.99973613,3,True
109,2026-02-23T10:09:00, normal, normal,0.9996263,3,True
110,2026-02-23T10:09:05, normal, normal,0.999637,3,True
111,2026-02-23T10:09:10, normal, normal,0.99906534,3,True
112,2026-02-23T10:09:15, normal, normal,0.99968386,3,True
113,2026-02-23T10:09:20, normal, normal,0.9991467,3,True
114,2026-02-23T10:09:25, normal, normal,0.98821867,3,True
115,2026-02-23T10:09:30, normal, normal,0.9993267,3,True
116,2026-02-23T10:09:35, normal, normal,0.9992094,3,True
117,2026-02-23T10:09:40, normal, normal,0.9997638,3,True
118,2026-02-23T10:09:45, normal, normal,0.99955267,3,True
119,2026-02-23T10:09:50, normal, normal,0.99957913,3,True
120,2026-02-23T10:09:55, normal, normal,0.9995491,3,True
121,2026-02-23T10:10:00, normal, normal,0.99953663,3,True
122,2026-02-23T10:10:05, normal, normal,0.99891865,3,True
123,2026-02-23T10:10:10, normal, normal,0.92169714,3,True
124,2026-02-23T10:10:15, normal, normal,0.9997198,3,True
125,2026-02-23T10:10:20, normal, normal,0.9996649,3,True
126,2026-02-23T10:10:25, normal, normal,0.9974456,3,True
127,2026-02-23T10:10:30, normal, normal,0.99948573,3,True
128,2026-02-23T10:10:35, normal, normal,0.99974674,3,True
129,2026-02-23T10:10:40, normal, normal,0.99956137,3,True
130,2026-02-23T10:10:45, normal, normal,0.99967885,3,True
131,2026-02-23T10:10:50, normal, normal,0.99688643,3,True
132,2026-02-23T10:10:55, normal, normal,0.9729585,3,True
133,2026-02-23T10:11:00, normal, normal,0.9996107,3,True
134,2026-02-23T10:11:05, normal, normal,0.99936885,3,True
135,2026-02-23T10:11:10, normal, normal,0.9997286,3,True
136,2026-02-23T10:11:15, normal, normal,0.9925167,3,True
137,2026-02-23T10:11:20, normal, normal,0.9793754,3,True
138,2026-02-23T10:11:25, normal, normal,0.99879044,3,True
139,2026-02-23T10:11:30, normal, normal,0.99910444,3,True
140,2026-02-23T10:11:35, normal, normal,0.9996494,3,True
141,2026-02-23T10:11:40, normal, normal,0.9997241,3,True
142,2026-02-23T10:11:45, normal, normal,0.9994216,3,True
143,2026-02-23T10:11:50, normal, normal,0.9994997,3,True
144,2026-02-23T10:11:55, normal, normal,0.9264012,3,True
145,2026-02-23T10:12:00, normal, normal,0.9990664,3,True
146,2026-02-23T10:12:05, normal, normal,0.9965005,3,True
147,2026-02-23T10:12:10, normal, normal,0.99964535,3,True
148,2026-02-23T10:12:15, normal, normal,0.9997433,3,True
149,2026-02-23T10:12:20, normal, normal,0.9956418,3,True
150,2026-02-23T10:12:25, normal, normal,0.9973442,3,True
151,2026-02-23T10:12:30, normal, normal,0.9960995,3,True
152,2026-02-23T10:12:35, normal, normal,0.9996718,3,True
153,2026-02-23T10:12:40, normal, normal,0.999637,3,True
154,2026-02-23T10:12:45, normal, normal,0.99955374,3,True
155,2026-02-23T10:12:50, normal, normal,0.9995524,3,True
156,2026-02-23T10:12:55, normal, normal,0.99242836,3,True
157,2026-02-23T10:13:00, normal, normal,0.99948573,3,True
158,2026-02-23T10:13:05, normal, normal,0.9995524,3,True
159,2026-02-23T10:13:10, normal, normal,0.99973935,3,True
160,2026-02-23T10:13:15, normal, normal,0.9994753,3,True
161,2026-02-23T10:13:20, normal, normal,0.99901676,3,True
162,2026-02-23T10:13:25, normal, normal,0.896573,3,True
163,2026-02-23T10:13:30, normal, normal,0.9996835,3,True
164,2026-02-23T10:13:35, normal, normal,0.9996952,3,True
165,2026-02-23T10:13:40, normal, normal,0.99919003,3,True
166,2026-02-23T10:13:45, normal, normal,0.9887427,3,True
167,2026-02-23T10:13:50, normal, normal,0.998346,3,True
168,2026-02-23T10:13:55, normal, normal,0.99977833,3,True
169,2026-02-23T10:14:00, normal, normal,0.9994677,3,True
170,2026-02-23T10:14:05, normal, normal,0.99974555,3,True
171,2026-02-23T10:14:10, normal, normal,0.99093467,3,True
172,2026-02-23T10:14:15, normal, normal,0.9987011,3,True
173,2026-02-23T10:14:20, normal, normal,0.9843933,3,True
174,2026-02-23T10:14:25, normal, normal,0.99974984,3,True
175,2026-02-23T10:14:30, normal, normal,0.99885964,3,True
176,2026-02-23T10:14:35, normal, normal,0.9995747,3,True
177,2026-02-23T10:14:40, normal, normal,0.9997638,3,True
178,2026-02-23T10:14:45, normal, normal,0.98001385,3,True
179,2026-02-23T10:14:50, normal, normal,0.9881626,3,True
180,2026-02-23T10:14:55, normal, normal,0.99926454,3,True
181,2026-02-23T10:15:00, normal, normal,0.9994413,3,True
182,2026-02-23T10:15:05, normal, normal,0.9997563,3,True
183,2026-02-23T10:15:10, normal, normal,0.9995005,3,True
184,2026-02-23T10:15:15, normal, normal,0.9997367,3,True
185,2026-02-23T10:15:20, normal, normal,0.99961424,3,True
186,2026-02-23T10:15:25, normal, normal,0.99969745,3,True
187,2026-02-23T10:15:30, normal, normal,0.99927706,3,True
188,2026-02-23T10:15:35, normal, normal,0.99973744,3,True
189,2026-02-23T10:15:40, normal, normal,0.9996599,3,True
190,2026-02-23T10:15:45, normal, normal,0.9993005,3,True
191,2026-02-23T10:15:50, normal, normal,0.9996669,3,True
192,2026-02-23T10:15:55, normal, normal,0.9995474,3,True
193,2026-02-23T10:16:00, normal, normal,0.9995696,3,True
194,2026-02-23T10:16:05, normal, normal,0.9994419,3,True
195,2026-02-23T10:16:10, normal, normal,0.9994985,3,True
196,2026-02-23T10:16:15, normal, normal,0.9996649,3,True
197,2026-02-23T10:16:20, normal, normal,0.99966407,3,True
198,2026-02-23T10:16:25, normal, normal,0.9974884,3,True
199,2026-02-23T10:16:30, normal, normal,0.9988538,3,True
200,2026-02-23T10:16:35, normal, normal,0.99968886,3,True
201,2026-02-23T10:16:40, normal, normal,0.99962306,3,True
202,2026-02-23T10:16:45, normal, normal,0.99968314,3,True
203,2026-02-23T10:16:50, normal, normal,0.99974555,3,True
204,2026-02-23T10:16:55, normal, normal,0.9996859,3,True
205,2026-02-23T10:17:00, normal, normal,0.9989033,3,True
206,2026-02-23T10:17:05, normal, normal,0.9997367,3,True
207,2026-02-23T10:17:10, normal, normal,0.9988745,3,True
208,2026-02-23T10:17:15, normal, normal,0.99871147,3,True
209,2026-02-23T10:17:20, normal, normal,0.9975007,3,True
210,2026-02-23T10:17:25, normal, normal,0.99899524,3,True
211,2026-02-23T10:17:30, normal, normal,0.9996835,3,True
212,2026-02-23T10:17:35, normal, normal,0.91141796,3,True
213,2026-02-23T10:17:40, normal, normal,0.9996606,3,True
214,2026-02-23T10:17:45, normal, normal,0.99237376,3,True
215,2026-02-23T10:17:50, normal, normal,0.9988531,3,True
216,2026-02-23T10:17:55, normal, normal,0.9793754,3,True
217,2026-02-23T10:18:00, normal, normal,0.949038,3,True
218,2026-02-23T10:18:05, normal, normal,0.99949205,3,True
219,2026-02-23T10:18:10, normal, normal,0.99968064,3,True
220,2026-02-23T10:18:15, normal, normal,0.9995309,3,True
221,2026-02-23T10:18:20, normal, normal,0.99967897,3,True
222,2026-02-23T10:18:25, normal, normal,0.99972504,3,True
223,2026-02-23T10:18:30, normal, normal,0.9995846,3,True
224,2026-02-23T10:18:35, normal, normal,0.99949896,3,True
225,2026-02-23T10:18:40, normal, normal,0.9995159,3,True
226,2026-02-23T10:18:45, normal, normal,0.99861,3,True
227,2026-02-23T10:18:50, normal, normal,0.9997433,3,True
228,2026-02-23T10:18:55, normal, normal,0.99941933,3,True
229,2026-02-23T10:19:00, normal, normal,0.9996555,3,True
230,2026-02-23T10:19:05, normal, normal,0.9996606,3,True
231,2026-02-23T10:19:10, normal, normal,0.99972826,3,True
232,2026-02-23T10:19:15, normal, normal,0.9996923,3,True
233,2026-02-23T10:19:20, normal, normal,0.9996263,3,True
234,2026-02-23T10:19:25, normal, normal,0.99936074,3,True
235,2026-02-23T10:19:30, normal, normal,0.9994336,3,True
236,2026-02-23T10:19:35, normal, normal,0.9992988,3,True
237,2026-02-23T10:19:40, normal, normal,0.99968886,3,True
238,2026-02-23T10:19:45, normal, normal,0.9977137,3,True
239,2026-02-23T10:19:50, normal, normal,0.99790645,3,True
240,2026-02-23T10:19:55, normal, normal,0.9995466,3,True
241,2026-02-23T10:20:00, normal, normal,0.99955374,3,True
242,2026-02-23T10:20:05, normal, normal,0.99970716,3,True
243,2026-02-23T10:20:10, normal, normal,0.99955267,3,True
244,2026-02-23T10:20:15, normal, normal,0.9995309,3,True
245,2026-02-23T10:20:20, normal, normal,0.9997093,3,True
246,2026-02-23T10:20:25, normal, normal,0.9300156,3,True
247,2026-02-23T10:20:30, normal, normal,0.9995747,3,True
248,2026-02-23T10:20:35, normal, normal,0.9995715,3,True
249,2026-02-23T10:20:40, normal, normal,0.9989569,3,True
250,2026-02-23T10:20:45, normal, normal,0.99968815,3,True
251,2026-02-23T10:20:50, normal, normal,0.9993679,3,True
252,2026-02-23T10:20:55, normal, normal,0.9995474,3,True
253,2026-02-23T10:21:00, normal, normal,0.9996351,3,True
254,2026-02-23T10:21:05, normal, normal,0.9944659,3,True
255,2026-02-23T10:21:10, normal, normal,0.99949515,3,True
256,2026-02-23T10:21:15, normal, normal,0.99970156,3,True
257,2026-02-23T10:21:20, normal, normal,0.99958223,3,True
258,2026-02-23T10:21:25, normal, normal,0.99931717,3,True
259,2026-02-23T10:21:30, normal, normal,0.9976864,3,True
260,2026-02-23T10:21:35, normal, normal,0.99970883,3,True
261,2026-02-23T10:21:40, normal, normal,0.99917585,3,True
262,2026-02-23T10:21:45, normal, normal,0.999723,3,True
263,2026-02-23T10:21:50, normal, normal,0.9996172,3,True
264,2026-02-23T10:21:55, normal, normal,0.99976414,3,True
265,2026-02-23T10:22:00, normal, normal,0.9555489,3,True
266,2026-02-23T10:22:05, normal, normal,0.99237376,3,True
267,2026-02-23T10:22:10, normal, normal,0.9995253,3,True
268,2026-02-23T10:22:15, normal, normal,0.9995309,3,True
269,2026-02-23T10:22:20, normal, normal,0.9997068,3,True
270,2026-02-23T10:22:25, normal, normal,0.9205157,3,True
271,2026-02-23T10:22:30, normal, normal,0.99959105,3,True
272,2026-02-23T10:22:35, normal, normal,0.9994885,3,True
273,2026-02-23T10:22:40, normal, normal,0.99973434,3,True
274,2026-02-23T10:22:45, normal, normal,0.9997609,3,True
275,2026-02-23T10:22:50, normal, normal,0.99965525,3,True
276,2026-02-23T10:22:55, normal, normal,0.97329617,3,True
277,2026-02-23T10:23:00, normal, normal,0.99558794,3,True
278,2026-02-23T10:23:05, normal, normal,0.9995043,3,True
279,2026-02-23T10:23:10, normal, normal,0.9996263,3,True
280,2026-02-23T10:23:15, normal, normal,0.9988531,3,True
281,2026-02-23T10:23:20, normal, normal,0.9881626,3,True
282,2026-02-23T10:23:25, normal, normal,0.99969745,3,True
283,2026-02-23T10:23:30, normal, normal,0.99955803,3,True
284,2026-02-23T10:23:35, normal, normal,0.99912673,3,True
285,2026-02-23T10:23:40, normal, normal,0.9995684,3,True
286,2026-02-23T10:23:45, normal, normal,0.99968064,3,True
287,2026-02-23T10:23:50, normal, normal,0.99885154,3,True
288,2026-02-23T10:23:55, normal, normal,0.99878484,3,True
289,2026-02-23T10:24:00, normal, normal,0.99962854,3,True
290,2026-02-23T10:24:05, normal, normal,0.9996074,3,True
291,2026-02-23T10:24:10, normal, normal,0.9993098,3,True
292,2026-02-23T10:24:15, normal, normal,0.99967396,3,True
293,2026-02-23T10:24:20, normal, normal,0.9988054,3,True
294,2026-02-23T10:24:25, normal, normal,0.9996842,3,True
295,2026-02-23T10:24:30, normal, normal,0.99939716,3,True
296,2026-02-23T10:24:35, normal, normal,0.9995888,3,True
297,2026-02-23T10:24:40, normal, normal,0.99956805,3,True
298,2026-02-23T10:24:45, normal, cpu_spike,0.9279769,3,False
299,2026-02-23T10:24:50, normal, normal,0.9976941,3,True
300,2026-02-23T10:24:55, normal, normal,0.999556,3,True
301,2026-02-23T10:25:00, normal, normal,0.9995927,3,True
302,2026-02-23T10:25:05, normal, normal,0.9988661,3,True
303,2026-02-23T10:25:10, normal, normal,0.9585056,3,True
304,2026-02-23T10:25:15, normal, normal,0.99963176,3,True
305,2026-02-23T10:25:20, normal, normal,0.9995215,3,True
306,2026-02-23T10:25:25, normal, normal,0.96785897,3,True
307,2026-02-23T10:25:30, normal, normal,0.9953898,3,True
308,2026-02-23T10:25:35, normal, normal,0.9995819,3,True
309,2026-02-23T10:25:40, normal, normal,0.99928623,3,True
310,2026-02-23T10:25:45, normal, normal,0.9992737,3,True
311,2026-02-23T10:25:50, normal, normal,0.99952006,3,True
312,2026-02-23T10:25:55, normal, normal,0.99885213,3,True
313,2026-02-23T10:26:00, normal, normal,0.9990748,3,True
314,2026-02-23T10:26:05, normal, normal,0.9925167,3,True
315,2026-02-23T10:26:10, normal, normal,0.9996383,3,True
316,2026-02-23T10:26:15, normal, normal,0.9996922,3,True
317,2026-02-23T10:26:20, normal, normal,0.9991296,3,True
318,2026-02-23T10:26:25, normal, normal,0.9996532,3,True
319,2026-02-23T10:26:30, normal, normal,0.9943825,3,True
320,2026-02-23T10:26:35, normal, normal,0.99783915,3,True
321,2026-02-23T10:26:40, normal, normal,0.9997445,3,True
322,2026-02-23T10:26:45, normal, normal,0.9997259,3,True
323,2026-02-23T10:26:50, normal, normal,0.99946743,3,True
324,2026-02-23T10:26:55, normal, normal,0.99971884,3,True
325,2026-02-23T10:27:00, normal, normal,0.99927884,3,True
326,2026-02-23T10:27:05, normal, normal,0.9996834,3,True
327,2026-02-23T10:27:10, normal, normal,0.9995307,3,True
328,2026-02-23T10:27:15, normal, normal,0.9993692,3,True
329,2026-02-23T10:27:20, normal, normal,0.9974686,3,True
330,2026-02-23T10:27:25, normal, normal,0.9995927,3,True
331,2026-02-23T10:27:30, normal, normal,0.99962103,3,True
332,2026-02-23T10:27:35, normal, normal,0.9969817,3,True
333,2026-02-23T10:27:40, normal, normal,0.9996207,3,True
334,2026-02-23T10:27:45, normal, normal,0.98949045,3,True
335,2026-02-23T10:27:50, normal, normal,0.9996983,3,True
336,2026-02-23T10:27:55, normal, normal,0.9816066,3,True
337,2026-02-23T10:28:00, normal, cpu_spike,0.9279769,3,False
338,2026-02-23T10:28:05, normal, normal,0.9988803,3,True
339,2026-02-23T10:28:10, normal, normal,0.9996494,3,True
340,2026-02-23T10:28:15, normal, normal,0.9958625,3,True
341,2026-02-23T10:28:20, normal, normal,0.9988626,3,True
342,2026-02-23T10:28:25, normal, normal,0.9990188,3,True
343,2026-02-23T10:28:30, normal, normal,0.9994697,3,True
344,2026-02-23T10:28:35, normal, normal,0.9991467,3,True
345,2026-02-23T10:28:40, normal, normal,0.99878484,3,True
346,2026-02-23T10:28:45, normal, normal,0.9983998,3,True
347,2026-02-23T10:28:50, normal, normal,0.9994677,3,True
348,2026-02-23T10:28:55, normal, normal,0.9994733,3,True
349,2026-02-23T10:29:00, normal, normal,0.9931305,3,True
350,2026-02-23T10:29:05, normal, normal,0.9996997,3,True
351,2026-02-23T10:29:10, normal, normal,0.9975074,3,True
352,2026-02-23T10:29:15, normal, normal,0.99965775,3,True
353,2026-02-23T10:29:20, normal, normal,0.9994894,3,True
354,2026-02-23T10:29:25, normal, normal,0.99974316,3,True
355,2026-02-23T10:29:30, normal, normal,0.99926454,3,True
356,2026-02-23T10:29:35, normal, normal,0.99965227,3,True
357,2026-02-23T10:29:40, normal, normal,0.9995702,3,True
358,2026-02-23T10:29:45, normal, normal,0.9989397,3,True
359,2026-02-23T10:29:50, normal, normal,0.99954504,3,True
360,2026-02-23T10:29:55, normal, normal,0.99955374,3,True
361,2026-02-23T10:30:00, normal, normal,0.9980946,3,True
362,2026-02-23T10:30:05, normal, normal,0.9988638,3,True
363,2026-02-23T10:30:10, normal, normal,0.999597,3,True
364,2026-02-23T10:30:15, normal, normal,0.9988715,3,True
365,2026-02-23T10:30:20, normal, normal,0.99767464,3,True
366,2026-02-23T10:30:25, normal, normal,0.99951375,3,True
367,2026-02-23T10:30:30, normal, normal,0.99957544,3,True
368,2026-02-23T10:30:35, normal, normal,0.999516,3,True
369,2026-02-23T10:30:40, normal, normal,0.9997614,3,True
370,2026-02-23T10:30:45, normal, normal,0.9996314,3,True
371,2026-02-23T10:30:50, normal, normal,0.99892455,3,True
372,2026-02-23T10:30:55, normal, normal,0.99958545,3,True
373,2026-02-23T10:31:00, normal, normal,0.9994216,3,True
374,2026-02-23T10:31:05, normal, normal,0.999516,3,True
375,2026-02-23T10:31:10, normal, normal,0.9994729,3,True
376,2026-02-23T10:31:15, normal, normal,0.9995602,3,True
377,2026-02-23T10:31:20, normal, normal,0.999556,3,True
378,2026-02-23T10:31:25, normal, normal,0.99640524,3,True
379,2026-02-23T10:31:30, normal, normal,0.9989998,3,True
380,2026-02-23T10:31:35, normal, normal,0.99943227,3,True
381,2026-02-23T10:31:40, normal, normal,0.99905485,3,True
382,2026-02-23T10:31:45, normal, normal,0.91141796,3,True
383,2026-02-23T10:31:50, normal, normal,0.99970454,3,True
384,2026-02-23T10:31:55, normal, normal,0.9996891,3,True
385,2026-02-23T10:32:00, normal, normal,0.99941635,3,True
386,2026-02-23T10:32:05, normal, normal,0.9997404,3,True
387,2026-02-23T10:32:10, normal, normal,0.9993074,3,True
388,2026-02-23T10:32:15, normal, normal,0.99093467,3,True
389,2026-02-23T10:32:20, normal, normal,0.9996251,3,True
390,2026-02-23T10:32:25, normal, normal,0.9053575,3,True
391,2026-02-23T10:32:30, normal, normal,0.9994522,3,True
392,2026-02-23T10:32:35, normal, normal,0.99879044,3,True
393,2026-02-23T10:32:40, normal, normal,0.99977213,3,True
394,2026-02-23T10:32:45, normal, normal,0.9991285,3,True
395,2026-02-23T10:32:50, normal, normal,0.9982835,3,True
396,2026-02-23T10:32:55, normal, normal,0.99921024,3,True
397,2026-02-23T10:33:00, normal, normal,0.9991054,3,True
398,2026-02-23T10:33:05, normal, normal,0.9995115,3,True
399,2026-02-23T10:33:10, normal, normal,0.9996501,3,True
400,2026-02-23T10:33:15, normal, normal,0.99237376,3,True
401,2026-02-23T10:33:20, normal, normal,0.99966216,3,True
402,2026-02-23T10:33:25, normal, normal,0.9996294,3,True
403,2026-02-23T10:33:30, normal, normal,0.9982981,3,True
404,2026-02-23T10:33:35, normal, normal,0.99541855,3,True
405,2026-02-23T10:33:40, normal, normal,0.9980447,3,True
406,2026-02-23T10:33:45, normal, normal,0.99976164,3,True
407,2026-02-23T10:33:50, normal, normal,0.9988538,3,True
408,2026-02-23T10:33:55, normal, normal,0.9237153,3,True
409,2026-02-23T10:34:00, normal, normal,0.9994299,3,True
410,2026-02-23T10:34:05, normal, normal,0.9981487,3,True
411,2026-02-23T10:34:10, normal, normal,0.999705,3,True
412,2026-02-23T10:34:15, normal, normal,0.999556,3,True
413,2026-02-23T10:34:20, normal, normal,0.9895734,3,True
414,2026-02-23T10:34:25, normal, normal,0.9982589,3,True
415,2026-02-23T10:34:30, normal, normal,0.99242836,3,True
416,2026-02-23T10:34:35, normal, normal,0.99931836,3,True
417,2026-02-23T10:34:40, normal, normal,0.996009,3,True
418,2026-02-23T10:34:45, normal, normal,0.9997428,3,True
419,2026-02-23T10:34:50, normal, normal,0.954483,3,True
420,2026-02-23T10:34:55, normal, normal,0.9997402,3,True
421,2026-02-23T10:35:00, normal, normal,0.99974006,3,True
422,2026-02-23T10:35:05, normal, normal,0.99968016,3,True
423,2026-02-23T10:35:10, normal, normal,0.99969745,3,True
424,2026-02-23T10:35:15, normal, normal,0.9971335,3,True
425,2026-02-23T10:35:20, normal, normal,0.99972147,3,True
426,2026-02-23T10:35:25, normal, normal,0.99975115,3,True
427,2026-02-23T10:35:30, normal, normal,0.99968433,3,True
428,2026-02-23T10:35:35, normal, normal,0.99970895,3,True
429,2026-02-23T10:35:40, normal, normal,0.9995466,3,True
430,2026-02-23T10:35:45, normal, normal,0.99911684,3,True
431,2026-02-23T10:35:50, normal, normal,0.9993192,3,True
432,2026-02-23T10:35:55, normal, normal,0.9996351,3,True
433,2026-02-23T10:36:00, normal, normal,0.9997191,3,True
434,2026-02-23T10:36:05, normal, normal,0.9997402,3,True
435,2026-02-23T10:36:10, normal, normal,0.99970335,3,True
436,2026-02-23T10:36:15, normal, normal,0.9862656,3,True
437,2026-02-23T10:36:20, normal, normal,0.99941266,3,True
438,2026-02-23T10:36:25, normal, normal,0.99973804,3,True
439,2026-02-23T10:36:30, normal, normal,0.9974686,3,True
440,2026-02-23T10:36:35, normal, normal,0.9672569,3,True
441,2026-02-23T10:36:40, normal, normal,0.9997737,3,True
442,2026-02-23T10:36:45, normal, normal,0.99957484,3,True
443,2026-02-23T10:36:50, normal, normal,0.9996973,3,True
444,2026-02-23T10:36:55, normal, normal,0.9995763,3,True
445,2026-02-23T10:37:00, normal, normal,0.99884015,3,True
446,2026-02-23T10:37:05, normal, normal,0.99959964,3,True
447,2026-02-23T10:37:10, normal, normal,0.99964786,3,True
448,2026-02-23T10:37:15, normal, normal,0.999116,3,True
449,2026-02-23T10:37:20, normal, normal,0.9975074,3,True
450,2026-02-23T10:37:25, normal, normal,0.99840456,3,True
451,2026-02-23T10:37:30, normal, normal,0.9992799,3,True
452,2026-02-23T10:37:35, normal, normal,0.999443,3,True
453,2026-02-23T10:37:40, normal, normal,0.9181945,3,True
454,2026-02-23T10:37:45, normal, normal,0.99974674,3,True
455,2026-02-23T10:37:50, normal, normal,0.99963593,3,True
456,2026-02-23T10:37:55, normal, normal,0.99955577,3,True
457,2026-02-23T10:38:00, normal, normal,0.99967813,3,True
458,2026-02-23T10:38:05, normal, normal,0.99722433,3,True
459,2026-02-23T10:38:10, normal, cpu_spike,0.60813296,3,False
460,2026-02-23T10:38:15, normal, normal,0.99936134,3,True
461,2026-02-23T10:38:20, normal, normal,0.99968064,3,True
462,2026-02-23T10:38:25, normal, normal,0.99919266,3,True
463,2026-02-23T10:38:30, normal, normal,0.99921024,3,True
464,2026-02-23T10:38:35, normal, normal,0.99956137,3,True
465,2026-02-23T10:38:40, normal, normal,0.99960333,3,True
466,2026-02-23T10:38:45, normal, normal,0.9996207,3,True
467,2026-02-23T10:38:50, normal, normal,0.99861026,3,True
468,2026-02-23T10:38:55, normal, normal,0.9990409,3,True
469,2026-02-23T10:39:00, normal, normal,0.99645656,3,True
470,2026-02-23T10:39:05, normal, normal,0.9995702,3,True
471,2026-02-23T10:39:10, normal, normal,0.9997173,3,True
472,2026-02-23T10:39:15, normal, normal,0.99897015,3,True
473,2026-02-23T10:39:20, normal, normal,0.9997489,3,True
474,2026-02-23T10:39:25, normal, normal,0.9181945,3,True
475,2026-02-23T10:39:30, normal, normal,0.9997402,3,True
476,2026-02-23T10:39:35, normal, normal,0.99901676,3,True
477,2026-02-23T10:39:40, normal, normal,0.9997037,3,True
478,2026-02-23T10:39:45, normal, normal,0.9995154,3,True
479,2026-02-23T10:39:50, normal, normal,0.9997553,3,True
480,2026-02-23T10:39:55, normal, normal,0.94273394,3,True
481,2026-02-23T10:40:00, normal, normal,0.9989525,3,True
482,2026-02-23T10:40:05, normal, normal,0.99976057,3,True
483,2026-02-23T10:40:10, normal, normal,0.99962175,3,True
484,2026-02-23T10:40:15, normal, normal,0.9871007,3,True
485,2026-02-23T10:40:20, normal, normal,0.99777156,3,True
486,2026-02-23T10:40:25, normal, normal,0.94644386,3,True
487,2026-02-23T10:40:30, normal, normal,0.9997367,3,True
488,2026-02-23T10:40:35, normal, normal,0.9997217,3,True
489,2026-02-23T10:40:40, normal, normal,0.9991285,3,True
490,2026-02-23T10:40:45, normal, normal,0.99968064,3,True
491,2026-02-23T10:40:50, normal, normal,0.9997553,3,True
492,2026-02-23T10:40:55, normal, normal,0.9994153,3,True
493,2026-02-23T10:41:00, normal, normal,0.9997391,3,True
494,2026-02-23T10:41:05, normal, normal,0.9990978,3,True
495,2026-02-23T10:41:10, normal, normal,0.99953425,3,True
496,2026-02-23T10:41:15, normal, normal,0.99945575,3,True
497,2026-02-23T10:41:20, normal, normal,0.99918026,3,True
498,2026-02-23T10:41:25, normal, normal,0.99928623,3,True
499,2026-02-23T10:41:30, normal, normal,0.9910059,3,True
500,2026-02-23T10:41:35, normal, normal,0.9906493,3,True
501,2026-02-23T10:41:40, cpu_spike, cpu_spike,0.9928229,3,True
502,2026-02-23T10:41:45, cpu_spike, cpu_spike,0.9705867,3,True
503,2026-02-23T10:41:50, cpu_spike, cpu_spike,0.9992793,3,True
504,2026-02-23T10:41:55, cpu_spike, cpu_spike,0.99823254,3,True
505,2026-02-23T10:42:00, cpu_spike, cpu_spike,0.99774975,3,True
506,2026-02-23T10:42:05, cpu_spike, cpu_spike,0.57151556,3,True
507,2026-02-23T10:42:10, cpu_spike, cpu_spike,0.99869305,3,True
508,2026-02-23T10:42:15, cpu_spike, cpu_spike,0.9976587,3,True
509,2026-02-23T10:42:20, cpu_spike, cpu_spike,0.99874157,3,True
510,2026-02-23T10:42:25, cpu_spike, cpu_spike,0.9987208,3,True
511,2026-02-23T10:42:30, cpu_spike, cpu_spike,0.9990627,3,True
512,2026-02-23T10:42:35, cpu_spike, cpu_spike,0.99901295,3,True
513,2026-02-23T10:42:40, cpu_spike, cpu_spike,0.999315,3,True
514,2026-02-23T10:42:45, cpu_spike, cpu_spike,0.99949217,3,True
515,2026-02-23T10:42:50, cpu_spike, cpu_spike,0.99951124,3,True
516,2026-02-23T10:42:55, cpu_spike, cpu_spike,0.9993574,3,True
517,2026-02-23T10:43:00, cpu_spike, cpu_spike,0.99935216,3,True
518,2026-02-23T10:43:05, cpu_spike, cpu_spike,0.9993893,3,True
519,2026-02-23T10:43:10, cpu_spike, cpu_spike,0.99963915,3,True
520,2026-02-23T10:43:15, cpu_spike, cpu_spike,0.99640864,3,True
521,2026-02-23T10:43:20, cpu_spike, cpu_spike,0.99931324,3,True
522,2026-02-23T10:43:25, cpu_spike, cpu_spike,0.99941635,3,True
523,2026-02-23T10:43:30, cpu_spike, cpu_spike,0.9988954,3,True
524,2026-02-23T10:43:35, cpu_spike, cpu_spike,0.99952316,3,True
525,2026-02-23T10:43:40, cpu_spike, cpu_spike,0.9920616,3,True
526,2026-02-23T10:43:45, cpu_spike, cpu_spike,0.99502844,3,True
527,2026-02-23T10:43:50, cpu_spike, cpu_spike,0.9893628,3,True
528,2026-02-23T10:43:55, cpu_spike, cpu_spike,0.9980835,3,True
529,2026-02-23T10:44:00, cpu_spike, cpu_spike,0.9994368,3,True
530,2026-02-23T10:44:05, cpu_spike, cpu_spike,0.9723098,3,True
531,2026-02-23T10:44:10, cpu_spike, cpu_spike,0.99918205,3,True
532,2026-02-23T10:44:15, cpu_spike, cpu_spike,0.9993236,3,True
533,2026-02-23T10:44:20, cpu_spike, cpu_spike,0.9995684,3,True
534,2026-02-23T10:44:25, cpu_spike, cpu_spike,0.9993374,3,True
535,2026-02-23T10:44:30, cpu_spike, cpu_spike,0.99852544,3,True
536,2026-02-23T10:44:35, cpu_spike, cpu_spike,0.9994012,3,True
537,2026-02-23T10:44:40, cpu_spike, cpu_spike,0.9979545,3,True
538,2026-02-23T10:44:45, cpu_spike, cpu_spike,0.8776004,3,True
539,2026-02-23T10:44:50, cpu_spike, cpu_spike,0.9993882,3,True
540,2026-02-23T10:44:55, cpu_spike, cpu_spike,0.99886644,3,True
541,2026-02-23T10:45:00, cpu_spike, cpu_spike,0.99792945,3,True
542,2026-02-23T10:45:05, cpu_spike, cpu_spike,0.9994986,3,True
543,2026-02-23T10:45:10, cpu_spike, cpu_spike,0.9991621,3,True
544,2026-02-23T10:45:15, cpu_spike, cpu_spike,0.99935216,3,True
545,2026-02-23T10:45:20, cpu_spike, cpu_spike,0.9993075,3,True
546,2026-02-23T10:45:25, cpu_spike, cpu_spike,0.99937385,3,True
547,2026-02-23T10:45:30, cpu_spike, cpu_spike,0.57151556,3,True
548,2026-02-23T10:45:35, cpu_spike, cpu_spike,0.98974144,3,True
549,2026-02-23T10:45:40, cpu_spike, cpu_spike,0.9905207,3,True
550,2026-02-23T10:45:45, cpu_spike, cpu_spike,0.61844724,3,True
551,2026-02-23T10:45:50, cpu_spike, cpu_spike,0.99937797,3,True
552,2026-02-23T10:45:55, cpu_spike, cpu_spike,0.9980288,3,True
553,2026-02-23T10:46:00, cpu_spike, cpu_spike,0.99957186,3,True
554,2026-02-23T10:46:05, cpu_spike, cpu_spike,0.99891794,3,True
555,2026-02-23T10:46:10, cpu_spike, cpu_spike,0.99881005,3,True
556,2026-02-23T10:46:15, cpu_spike, cpu_spike,0.9983949,3,True
557,2026-02-23T10:46:20, cpu_spike, cpu_spike,0.9988914,3,True
558,2026-02-23T10:46:25, cpu_spike, cpu_spike,0.99935204,3,True
559,2026-02-23T10:46:30, cpu_spike, cpu_spike,0.9993531,3,True
560,2026-02-23T10:46:35, cpu_spike, cpu_spike,0.9995441,3,True
561,2026-02-23T10:46:40, cpu_spike, cpu_spike,0.96955675,3,True
562,2026-02-23T10:46:45, cpu_spike, cpu_spike,0.99938035,3,True
563,2026-02-23T10:46:50, cpu_spike, cpu_spike,0.77049774,3,True
564,2026-02-23T10:46:55, cpu_spike, cpu_spike,0.99965584,3,True
565,2026-02-23T10:47:00, cpu_spike, cpu_spike,0.99907315,3,True
566,2026-02-23T10:47:05, cpu_spike, cpu_spike,0.99935144,3,True
567,2026-02-23T10:47:10, cpu_spike, cpu_spike,0.61844724,3,True
568,2026-02-23T10:47:15, cpu_spike, cpu_spike,0.98108035,3,True
569,2026-02-23T10:47:20, cpu_spike, cpu_spike,0.9993304,3,True
570,2026-02-23T10:47:25, cpu_spike, cpu_spike,0.99913436,3,True
571,2026-02-23T10:47:30, cpu_spike, cpu_spike,0.9990747,3,True
572,2026-02-23T10:47:35, cpu_spike, cpu_spike,0.99880433,3,True
573,2026-02-23T10:47:40, cpu_spike, cpu_spike,0.9805181,3,True
574,2026-02-23T10:47:45, cpu_spike, cpu_spike,0.99932706,3,True
575,2026-02-23T10:47:50, cpu_spike, cpu_spike,0.99942005,3,True
576,2026-02-23T10:47:55, cpu_spike, normal,0.50822926,3,False
577,2026-02-23T10:48:00, cpu_spike, cpu_spike,0.99948287,3,True
578,2026-02-23T10:48:05, cpu_spike, cpu_spike,0.9992793,3,True
579,2026-02-23T10:48:10, cpu_spike, cpu_spike,0.9971506,3,True
580,2026-02-23T10:48:15, cpu_spike, cpu_spike,0.99822456,3,True
581,2026-02-23T10:48:20, cpu_spike, cpu_spike,0.9988226,3,True
582,2026-02-23T10:48:25, cpu_spike, cpu_spike,0.9964469,3,True
583,2026-02-23T10:48:30, cpu_spike, cpu_spike,0.9993911,3,True
584,2026-02-23T10:48:35, cpu_spike, cpu_spike,0.9760561,3,True
585,2026-02-23T10:48:40, cpu_spike, cpu_spike,0.9635123,3,True
586,2026-02-23T10:48:45, cpu_spike, cpu_spike,0.99690163,3,True
587,2026-02-23T10:48:50, cpu_spike, cpu_spike,0.97567403,3,True
588,2026-02-23T10:48:55, cpu_spike, cpu_spike,0.99882954,3,True
589,2026-02-23T10:49:00, cpu_spike, cpu_spike,0.9986235,3,True
590,2026-02-23T10:49:05, cpu_spike, cpu_spike,0.65018237,3,True
591,2026-02-23T10:49:10, cpu_spike, cpu_spike,0.9973737,3,True
592,2026-02-23T10:49:15, cpu_spike, cpu_spike,0.9834341,3,True
593,2026-02-23T10:49:20, cpu_spike, cpu_spike,0.99908257,3,True
594,2026-02-23T10:49:25, cpu_spike, cpu_spike,0.99640864,3,True
595,2026-02-23T10:49:30, cpu_spike, cpu_spike,0.9995615,3,True
596,2026-02-23T10:49:35, cpu_spike, cpu_spike,0.999353,3,True
597,2026-02-23T10:49:40, cpu_spike, cpu_spike,0.9993893,3,True
598,2026-02-23T10:49:45, cpu_spike, cpu_spike,0.9980307,3,True
599,2026-02-23T10:49:50, cpu_spike, cpu_spike,0.99363,3,True
600,2026-02-23T10:49:55, cpu_spike, cpu_spike,0.99935776,3,True
601,2026-02-23T10:50:00, cpu_spike, cpu_spike,0.99881685,3,True
602,2026-02-23T10:50:05, cpu_spike, cpu_spike,0.99534744,3,True
603,2026-02-23T10:50:10, cpu_spike, cpu_spike,0.99919254,3,True
604,2026-02-23T10:50:15, cpu_spike, cpu_spike,0.9996414,3,True
605,2026-02-23T10:50:20, cpu_spike, cpu_spike,0.999411,3,True
606,2026-02-23T10:50:25, cpu_spike, cpu_spike,0.99872726,3,True
607,2026-02-23T10:50:30, cpu_spike, cpu_spike,0.99882597,3,True
608,2026-02-23T10:50:35, cpu_spike, cpu_spike,0.9992482,3,True
609,2026-02-23T10:50:40, cpu_spike, cpu_spike,0.9986235,3,True
610,2026-02-23T10:50:45, cpu_spike, cpu_spike,0.9987349,3,True
611,2026-02-23T10:50:50, cpu_spike, cpu_spike,0.99956745,3,True
612,2026-02-23T10:50:55, cpu_spike, cpu_spike,0.9145926,3,True
613,2026-02-23T10:51:00, cpu_spike, cpu_spike,0.9995914,3,True
614,2026-02-23T10:51:05, cpu_spike, cpu_spike,0.99853647,3,True
615,2026-02-23T10:51:10, cpu_spike, cpu_spike,0.9993838,3,True
616,2026-02-23T10:51:15, cpu_spike, cpu_spike,0.99491346,3,True
617,2026-02-23T10:51:20, cpu_spike, cpu_spike,0.99843687,3,True
618,2026-02-23T10:51:25, cpu_spike, cpu_spike,0.8964848,3,True
619,2026-02-23T10:51:30, cpu_spike, cpu_spike,0.9987024,3,True
620,2026-02-23T10:51:35, cpu_spike, cpu_spike,0.9990638,3,True
621,2026-02-23T10:51:40, cpu_spike, cpu_spike,0.99915075,3,True
622,2026-02-23T10:51:45, cpu_spike, cpu_spike,0.99822456,3,True
623,2026-02-23T10:51:50, cpu_spike, cpu_spike,0.99915314,3,True
624,2026-02-23T10:51:55, cpu_spike, cpu_spike,0.957658,3,True
625,2026-02-23T10:52:00, cpu_spike, cpu_spike,0.9912982,3,True
626,2026-02-23T10:52:05, cpu_spike, cpu_spike,0.9993838,3,True
627,2026-02-23T10:52:10, cpu_spike, cpu_spike,0.99925405,3,True
628,2026-02-23T10:52:15, cpu_spike, cpu_spike,0.73878026,3,True
629,2026-02-23T10:52:20, cpu_spike, cpu_spike,0.9992455,3,True
630,2026-02-23T10:52:25, cpu_spike, cpu_spike,0.9973737,3,True
631,2026-02-23T10:52:30, cpu_spike, cpu_spike,0.9994012,3,True
632,2026-02-23T10:52:35, cpu_spike, cpu_spike,0.9980082,3,True
633,2026-02-23T10:52:40, cpu_spike, cpu_spike,0.9993711,3,True
634,2026-02-23T10:52:45, cpu_spike, cpu_spike,0.99938726,3,True
635,2026-02-23T10:52:50, cpu_spike, cpu_spike,0.98000526,3,True
636,2026-02-23T10:52:55, cpu_spike, cpu_spike,0.99918824,3,True
637,2026-02-23T10:53:00, cpu_spike, cpu_spike,0.9964986,3,True
638,2026-02-23T10:53:05, cpu_spike, cpu_spike,0.9993075,3,True
639,2026-02-23T10:53:10, cpu_spike, cpu_spike,0.99491346,3,True
640,2026-02-23T10:53:15, cpu_spike, cpu_spike,0.9992482,3,True
641,2026-02-23T10:53:20, cpu_spike, cpu_spike,0.9991842,3,True
642,2026-02-23T10:53:25, cpu_spike, cpu_spike,0.98624504,3,True
643,2026-02-23T10:53:30, cpu_spike, cpu_spike,0.99938655,3,True
644,2026-02-23T10:53:35, cpu_spike, normal,0.64134866,3,False
645,2026-02-23T10:53:40, cpu_spike, cpu_spike,0.9988832,3,True
646,2026-02-23T10:53:45, cpu_spike, cpu_spike,0.99936336,3,True
647,2026-02-23T10:53:50, cpu_spike, cpu_spike,0.9993247,3,True
648,2026-02-23T10:53:55, cpu_spike, cpu_spike,0.99650806,3,True
649,2026-02-23T10:54:00, cpu_spike, cpu_spike,0.9994444,3,True
650,2026-02-23T10:54:05, cpu_spike, cpu_spike,0.99890494,3,True
651,2026-02-23T10:54:10, cpu_spike, cpu_spike,0.99852544,3,True
652,2026-02-23T10:54:15, cpu_spike, cpu_spike,0.9993748,3,True
653,2026-02-23T10:54:20, cpu_spike, cpu_spike,0.99843687,3,True
654,2026-02-23T10:54:25, cpu_spike, cpu_spike,0.9985923,3,True
655,2026-02-23T10:54:30, cpu_spike, cpu_spike,0.9987349,3,True
656,2026-02-23T10:54:35, cpu_spike, cpu_spike,0.9991559,3,True
657,2026-02-23T10:54:40, cpu_spike, cpu_spike,0.99932706,3,True
658,2026-02-23T10:54:45, cpu_spike, cpu_spike,0.9988914,3,True
659,2026-02-23T10:54:50, cpu_spike, cpu_spike,0.9990627,3,True
660,2026-02-23T10:54:55, cpu_spike, cpu_spike,0.99914086,3,True
661,2026-02-23T10:55:00, cpu_spike, cpu_spike,0.999094,3,True
662,2026-02-23T10:55:05, cpu_spike, cpu_spike,0.99963295,3,True
663,2026-02-23T10:55:10, cpu_spike, cpu_spike,0.99932206,3,True
664,2026-02-23T10:55:15, cpu_spike, cpu_spike,0.9992482,3,True
665,2026-02-23T10:55:20, cpu_spike, cpu_spike,0.8776004,3,True
666,2026-02-23T10:55:25, cpu_spike, cpu_spike,0.9109929,3,True
667,2026-02-23T10:55:30, cpu_spike, cpu_spike,0.93847567,3,True
668,2026-02-23T10:55:35, cpu_spike, cpu_spike,0.9486498,3,True
669,2026-02-23T10:55:40, cpu_spike, cpu_spike,0.9996383,3,True
670,2026-02-23T10:55:45, cpu_spike, cpu_spike,0.9989237,3,True
671,2026-02-23T10:55:50, cpu_spike, cpu_spike,0.99905664,3,True
672,2026-02-23T10:55:55, cpu_spike, cpu_spike,0.9895935,3,True
673,2026-02-23T10:56:00, cpu_spike, cpu_spike,0.9985385,3,True
674,2026-02-23T10:56:05, cpu_spike, cpu_spike,0.9971506,3,True
675,2026-02-23T10:56:10, cpu_spike, cpu_spike,0.9996977,3,True
676,2026-02-23T10:56:15, cpu_spike, cpu_spike,0.9989354,3,True
677,2026-02-23T10:56:20, cpu_spike, cpu_spike,0.9990545,3,True
678,2026-02-23T10:56:25, cpu_spike, cpu_spike,0.99904066,3,True
679,2026-02-23T10:56:30, cpu_spike, cpu_spike,0.9109929,3,True
680,2026-02-23T10:56:35, cpu_spike, cpu_spike,0.9511453,3,True
681,2026-02-23T10:56:40, cpu_spike, cpu_spike,0.9987024,3,True
682,2026-02-23T10:56:45, cpu_spike, cpu_spike,0.9993574,3,True
683,2026-02-23T10:56:50, cpu_spike, cpu_spike,0.99014366,3,True
684,2026-02-23T10:56:55, cpu_spike, cpu_spike,0.99921155,3,True
685,2026-02-23T10:57:00, cpu_spike, cpu_spike,0.9993992,3,True
686,2026-02-23T10:57:05, cpu_spike, cpu_spike,0.9993893,3,True
687,2026-02-23T10:57:10, cpu_spike, cpu_spike,0.9438027,3,True
688,2026-02-23T10:57:15, cpu_spike, cpu_spike,0.99866784,3,True
689,2026-02-23T10:57:20, cpu_spike, cpu_spike,0.99748236,3,True
690,2026-02-23T10:57:25, cpu_spike, cpu_spike,0.99918574,3,True
691,2026-02-23T10:57:30, cpu_spike, cpu_spike,0.9993794,3,True
692,2026-02-23T10:57:35, cpu_spike, cpu_spike,0.99918824,3,True
693,2026-02-23T10:57:40, cpu_spike, cpu_spike,0.99906033,3,True
694,2026-02-23T10:57:45, cpu_spike, cpu_spike,0.9993099,3,True
695,2026-02-23T10:57:50, cpu_spike, cpu_spike,0.9988954,3,True
696,2026-02-23T10:57:55, cpu_spike, cpu_spike,0.9972898,3,True
697,2026-02-23T10:58:00, cpu_spike, cpu_spike,0.99748236,3,True
698,2026-02-23T10:58:05, cpu_spike, cpu_spike,0.99915075,3,True
699,2026-02-23T10:58:10, cpu_spike, cpu_spike,0.9994054,3,True
700,2026-02-23T10:58:15, cpu_spike, cpu_spike,0.99907315,3,True
701,2026-02-23T10:58:20, memory_leak, memory_leak,0.9974716,3,True
702,2026-02-23T10:58:25, memory_leak, memory_leak,0.9995782,3,True
703,2026-02-23T10:58:30, memory_leak, memory_leak,0.9963966,3,True
704,2026-02-23T10:58:35, memory_leak, memory_leak,0.9993298,3,True
705,2026-02-23T10:58:40, memory_leak, memory_leak,0.9791891,3,True
706,2026-02-23T10:58:45, memory_leak, memory_leak,0.9990939,3,True
707,2026-02-23T10:58:50, memory_leak, memory_leak,0.9993344,3,True
708,2026-02-23T10:58:55, memory_leak, memory_leak,0.99928564,3,True
709,2026-02-23T10:59:00, memory_leak, memory_leak,0.99943596,3,True
710,2026-02-23T10:59:05, memory_leak, memory_leak,0.9541531,3,True
711,2026-02-23T10:59:10, memory_leak, memory_leak,0.9991966,3,True
712,2026-02-23T10:59:15, memory_leak, memory_leak,0.99951124,3,True
713,2026-02-23T10:59:20, memory_leak, memory_leak,0.9830715,3,True
714,2026-02-23T10:59:25, memory_leak, memory_leak,0.99921954,3,True
715,2026-02-23T10:59:30, memory_leak, memory_leak,0.9976369,3,True
716,2026-02-23T10:59:35, memory_leak, memory_leak,0.99940085,3,True
717,2026-02-23T10:59:40, memory_leak, memory_leak,0.99775654,3,True
718,2026-02-23T10:59:45, memory_leak, memory_leak,0.9995554,3,True
719,2026-02-23T10:59:50, memory_leak, memory_leak,0.99488926,3,True
720,2026-02-23T10:59:55, memory_leak, memory_leak,0.998998,3,True
721,2026-02-23T11:00:00, memory_leak, memory_leak,0.9995271,3,True
722,2026-02-23T11:00:05, memory_leak, memory_leak,0.9991774,3,True
723,2026-02-23T11:00:10, memory_leak, memory_leak,0.9991866,3,True
724,2026-02-23T11:00:15, memory_leak, memory_leak,0.99959475,3,True
725,2026-02-23T11:00:20, memory_leak, memory_leak,0.9984847,3,True
726,2026-02-23T11:00:25, memory_leak, memory_leak,0.9988305,3,True
727,2026-02-23T11:00:30, memory_leak, memory_leak,0.99953234,3,True
728,2026-02-23T11:00:35, memory_leak, memory_leak,0.99510694,3,True
729,2026-02-23T11:00:40, memory_leak, memory_leak,0.99963593,3,True
730,2026-02-23T11:00:45, memory_leak, memory_leak,0.9993924,3,True
731,2026-02-23T11:00:50, memory_leak, memory_leak,0.9991334,3,True
732,2026-02-23T11:00:55, memory_leak, memory_leak,0.9995621,3,True
733,2026-02-23T11:01:00, memory_leak, memory_leak,0.99840957,3,True
734,2026-02-23T11:01:05, memory_leak, memory_leak,0.99383706,3,True
735,2026-02-23T11:01:10, memory_leak, memory_leak,0.9995271,3,True
736,2026-02-23T11:01:15, memory_leak, memory_leak,0.998609,3,True
737,2026-02-23T11:01:20, memory_leak, memory_leak,0.9995671,3,True
738,2026-02-23T11:01:25, memory_leak, memory_leak,0.99896085,3,True
739,2026-02-23T11:01:30, memory_leak, memory_leak,0.99952984,3,True
740,2026-02-23T11:01:35, memory_leak, memory_leak,0.9992149,3,True
741,2026-02-23T11:01:40, memory_leak, memory_leak,0.99925727,3,True
742,2026-02-23T11:01:45, memory_leak, memory_leak,0.9631931,3,True
743,2026-02-23T11:01:50, memory_leak, memory_leak,0.9939389,3,True
744,2026-02-23T11:01:55, memory_leak, memory_leak,0.99775654,3,True
745,2026-02-23T11:02:00, memory_leak, memory_leak,0.99951684,3,True
746,2026-02-23T11:02:05, memory_leak, memory_leak,0.9995455,3,True
747,2026-02-23T11:02:10, memory_leak, memory_leak,0.9990939,3,True
748,2026-02-23T11:02:15, memory_leak, memory_leak,0.9994281,3,True
749,2026-02-23T11:02:20, memory_leak, memory_leak,0.9928624,3,True
750,2026-02-23T11:02:25, memory_leak, memory_leak,0.9992048,3,True
751,2026-02-23T11:02:30, memory_leak, memory_leak,0.9992563,3,True
752,2026-02-23T11:02:35, memory_leak, memory_leak,0.9967014,3,True
753,2026-02-23T11:02:40, memory_leak, memory_leak,0.99735284,3,True
754,2026-02-23T11:02:45, memory_leak, memory_leak,0.99817145,3,True
755,2026-02-23T11:02:50, memory_leak, memory_leak,0.9991574,3,True
756,2026-02-23T11:02:55, memory_leak, memory_leak,0.9993106,3,True
757,2026-02-23T11:03:00, memory_leak, memory_leak,0.9992606,3,True
758,2026-02-23T11:03:05, memory_leak, memory_leak,0.9994684,3,True
759,2026-02-23T11:03:10, memory_leak, memory_leak,0.99925727,3,True
760,2026-02-23T11:03:15, memory_leak, memory_leak,0.99956006,3,True
761,2026-02-23T11:03:20, memory_leak, memory_leak,0.9995053,3,True
762,2026-02-23T11:03:25, memory_leak, memory_leak,0.99488926,3,True
763,2026-02-23T11:03:30, memory_leak, memory_leak,0.99877495,3,True
764,2026-02-23T11:03:35, memory_leak, memory_leak,0.99905413,3,True
765,2026-02-23T11:03:40, memory_leak, memory_leak,0.9986671,3,True
766,2026-02-23T11:03:45, memory_leak, memory_leak,0.9992306,3,True
767,2026-02-23T11:03:50, memory_leak, memory_leak,0.9992048,3,True
768,2026-02-23T11:03:55, memory_leak, memory_leak,0.99632627,3,True
769,2026-02-23T11:04:00, memory_leak, memory_leak,0.99919504,3,True
770,2026-02-23T11:04:05, memory_leak, memory_leak,0.9992735,3,True
771,2026-02-23T11:04:10, memory_leak, memory_leak,0.99788314,3,True
772,2026-02-23T11:04:15, memory_leak, memory_leak,0.99957365,3,True
773,2026-02-23T11:04:20, memory_leak, memory_leak,0.9993389,3,True
774,2026-02-23T11:04:25, memory_leak, memory_leak,0.9992494,3,True
775,2026-02-23T11:04:30, memory_leak, memory_leak,0.9818794,3,True
776,2026-02-23T11:04:35, memory_leak, memory_leak,0.9987851,3,True
777,2026-02-23T11:04:40, memory_leak, memory_leak,0.9975387,3,True
778,2026-02-23T11:04:45, memory_leak, memory_leak,0.9963966,3,True
779,2026-02-23T11:04:50, memory_leak, memory_leak,0.99941874,3,True
780,2026-02-23T11:04:55, memory_leak, memory_leak,0.9995554,3,True
781,2026-02-23T11:05:00, memory_leak, memory_leak,0.9990338,3,True
782,2026-02-23T11:05:05, memory_leak, memory_leak,0.9982951,3,True
783,2026-02-23T11:05:10, memory_leak, memory_leak,0.999081,3,True
784,2026-02-23T11:05:15, memory_leak, memory_leak,0.999238,3,True
785,2026-02-23T11:05:20, memory_leak, memory_leak,0.9986778,3,True
786,2026-02-23T11:05:25, memory_leak, memory_leak,0.9906013,3,True
787,2026-02-23T11:05:30, memory_leak, memory_leak,0.99924695,3,True
788,2026-02-23T11:05:35, memory_leak, memory_leak,0.9995409,3,True
789,2026-02-23T11:05:40, memory_leak, memory_leak,0.99920493,3,True
790,2026-02-23T11:05:45, memory_leak, memory_leak,0.99899703,3,True
791,2026-02-23T11:05:50, memory_leak, memory_leak,0.99847597,3,True
792,2026-02-23T11:05:55, memory_leak, memory_leak,0.99737716,3,True
793,2026-02-23T11:06:00, memory_leak, memory_leak,0.99920446,3,True
794,2026-02-23T11:06:05, memory_leak, memory_leak,0.998998,3,True
795,2026-02-23T11:06:10, memory_leak, memory_leak,0.99248344,3,True
796,2026-02-23T11:06:15, memory_leak, memory_leak,0.9995158,3,True
797,2026-02-23T11:06:20, memory_leak, memory_leak,0.9994954,3,True
798,2026-02-23T11:06:25, memory_leak, memory_leak,0.9986947,3,True
799,2026-02-23T11:06:30, memory_leak, memory_leak,0.9740535,3,True
800,2026-02-23T11:06:35, memory_leak, memory_leak,0.9995425,3,True
801,2026-02-23T11:06:40, memory_leak, memory_leak,0.9992124,3,True
802,2026-02-23T11:06:45, memory_leak, memory_leak,0.9991929,3,True
803,2026-02-23T11:06:50, memory_leak, memory_leak,0.9995621,3,True
804,2026-02-23T11:06:55, memory_leak, memory_leak,0.99921536,3,True
805,2026-02-23T11:07:00, memory_leak, memory_leak,0.9977393,3,True
806,2026-02-23T11:07:05, memory_leak, memory_leak,0.9991867,3,True
807,2026-02-23T11:07:10, memory_leak, memory_leak,0.99952745,3,True
808,2026-02-23T11:07:15, memory_leak, memory_leak,0.9994905,3,True
809,2026-02-23T11:07:20, memory_leak, memory_leak,0.99920493,3,True
810,2026-02-23T11:07:25, memory_leak, memory_leak,0.9952851,3,True
811,2026-02-23T11:07:30, memory_leak, memory_leak,0.9986981,3,True
812,2026-02-23T11:07:35, memory_leak, memory_leak,0.99850744,3,True
813,2026-02-23T11:07:40, memory_leak, memory_leak,0.998195,3,True
814,2026-02-23T11:07:45, memory_leak, memory_leak,0.9993036,3,True
815,2026-02-23T11:07:50, memory_leak, memory_leak,0.9946021,3,True
816,2026-02-23T11:07:55, memory_leak, memory_leak,0.9990608,3,True
817,2026-02-23T11:08:00, memory_leak, memory_leak,0.99928445,3,True
818,2026-02-23T11:08:05, memory_leak, memory_leak,0.9977882,3,True
819,2026-02-23T11:08:10, memory_leak, memory_leak,0.9995536,3,True
820,2026-02-23T11:08:15, memory_leak, memory_leak,0.99923515,3,True
821,2026-02-23T11:08:20, memory_leak, memory_leak,0.99915683,3,True
822,2026-02-23T11:08:25, memory_leak, memory_leak,0.9995554,3,True
823,2026-02-23T11:08:30, memory_leak, memory_leak,0.9995179,3,True
824,2026-02-23T11:08:35, memory_leak, memory_leak,0.9992187,3,True
825,2026-02-23T11:08:40, memory_leak, memory_leak,0.9526933,3,True
826,2026-02-23T11:08:45, memory_leak, memory_leak,0.9946021,3,True
827,2026-02-23T11:08:50, memory_leak, memory_leak,0.99935204,3,True
828,2026-02-23T11:08:55, memory_leak, memory_leak,0.9992124,3,True
829,2026-02-23T11:09:00, memory_leak, memory_leak,0.9993641,3,True
830,2026-02-23T11:09:05, memory_leak, memory_leak,0.99847597,3,True
831,2026-02-23T11:09:10, memory_leak, memory_leak,0.9978689,3,True
832,2026-02-23T11:09:15, memory_leak, memory_leak,0.99950147,3,True
833,2026-02-23T11:09:20, memory_leak, memory_leak,0.99950683,3,True
834,2026-02-23T11:09:25, memory_leak, memory_leak,0.99925774,3,True
835,2026-02-23T11:09:30, memory_leak, memory_leak,0.9995747,3,True
836,2026-02-23T11:09:35, memory_leak, memory_leak,0.99922705,3,True
837,2026-02-23T11:09:40, memory_leak, memory_leak,0.99956423,3,True
838,2026-02-23T11:09:45, memory_leak, memory_leak,0.99951684,3,True
839,2026-02-23T11:09:50, memory_leak, memory_leak,0.9990608,3,True
840,2026-02-23T11:09:55, memory_leak, memory_leak,0.9994905,3,True
841,2026-02-23T11:10:00, memory_leak, memory_leak,0.99956006,3,True
842,2026-02-23T11:10:05, memory_leak, memory_leak,0.9985292,3,True
843,2026-02-23T11:10:10, memory_leak, memory_leak,0.999203,3,True
844,2026-02-23T11:10:15, memory_leak, memory_leak,0.99910164,3,True
845,2026-02-23T11:10:20, memory_leak, memory_leak,0.9992567,3,True
846,2026-02-23T11:10:25, memory_leak, memory_leak,0.99908304,3,True
847,2026-02-23T11:10:30, memory_leak, memory_leak,0.9995425,3,True
848,2026-02-23T11:10:35, memory_leak, memory_leak,0.99684346,3,True
849,2026-02-23T11:10:40, memory_leak, memory_leak,0.99907553,3,True
850,2026-02-23T11:10:45, memory_leak, memory_leak,0.9990344,3,True
851,2026-02-23T11:10:50, service_crash, service_crash,0.9993641,3,True
852,2026-02-23T11:10:55, service_crash, service_crash,0.9993463,3,True
853,2026-02-23T11:11:00, service_crash, service_crash,0.9994661,3,True
854,2026-02-23T11:11:05, service_crash, service_crash,0.99912626,3,True
855,2026-02-23T11:11:10, service_crash, service_crash,0.999382,3,True
856,2026-02-23T11:11:15, service_crash, service_crash,0.99934286,3,True
857,2026-02-23T11:11:20, service_crash, service_crash,0.9994253,3,True
858,2026-02-23T11:11:25, service_crash, service_crash,0.9992735,3,True
859,2026-02-23T11:11:30, service_crash, service_crash,0.9993641,3,True
860,2026-02-23T11:11:35, service_crash, service_crash,0.99942625,3,True
861,2026-02-23T11:11:40, service_crash, service_crash,0.9993661,3,True
862,2026-02-23T11:11:45, service_crash, service_crash,0.9992773,3,True
863,2026-02-23T11:11:50, service_crash, service_crash,0.99932694,3,True
864,2026-02-23T11:11:55, service_crash, service_crash,0.99914896,3,True
865,2026-02-23T11:12:00, service_crash, service_crash,0.9839914,3,True
866,2026-02-23T11:12:05, service_crash, service_crash,0.99937135,3,True
867,2026-02-23T11:12:10, service_crash, service_crash,0.9982981,3,True
868,2026-02-23T11:12:15, service_crash, service_crash,0.9994198,3,True
869,2026-02-23T11:12:20, service_crash, service_crash,0.99882823,3,True
870,2026-02-23T11:12:25, service_crash, service_crash,0.99927455,3,True
871,2026-02-23T11:12:30, service_crash, service_crash,0.9993825,3,True
872,2026-02-23T11:12:35, service_crash, service_crash,0.9993662,3,True
873,2026-02-23T11:12:40, service_crash, service_crash,0.9994382,3,True
874,2026-02-23T11:12:45, service_crash, service_crash,0.9993813,3,True
875,2026-02-23T11:12:50, service_crash, service_crash,0.9993262,3,True
876,2026-02-23T11:12:55, service_crash, service_crash,0.9993166,3,True
877,2026-02-23T11:13:00, service_crash, service_crash,0.9994143,3,True
878,2026-02-23T11:13:05, service_crash, service_crash,0.99944,3,True
879,2026-02-23T11:13:10, service_crash, service_crash,0.99921846,3,True
880,2026-02-23T11:13:15, service_crash, service_crash,0.9988581,3,True
881,2026-02-23T11:13:20, service_crash, service_crash,0.9994029,3,True
882,2026-02-23T11:13:25, service_crash, service_crash,0.9994361,3,True
883,2026-02-23T11:13:30, service_crash, service_crash,0.99942553,3,True
884,2026-02-23T11:13:35, service_crash, service_crash,0.9994247,3,True
885,2026-02-23T11:13:40, service_crash, service_crash,0.9987618,3,True
886,2026-02-23T11:13:45, service_crash, service_crash,0.9994079,3,True
887,2026-02-23T11:13:50, service_crash, service_crash,0.9992367,3,True
888,2026-02-23T11:13:55, service_crash, service_crash,0.9992149,3,True
889,2026-02-23T11:14:00, service_crash, service_crash,0.99949527,3,True
890,2026-02-23T11:14:05, service_crash, service_crash,0.9994147,3,True
891,2026-02-23T11:14:10, service_crash, service_crash,0.999316,3,True
892,2026-02-23T11:14:15, service_crash, service_crash,0.9994128,3,True
893,2026-02-23T11:14:20, service_crash, service_crash,0.9994209,3,True
894,2026-02-23T11:14:25, service_crash, service_crash,0.990267,3,True
895,2026-02-23T11:14:30, service_crash, service_crash,0.99940133,3,True
896,2026-02-23T11:14:35, service_crash, service_crash,0.99912626,3,True
897,2026-02-23T11:14:40, service_crash, service_crash,0.99940073,3,True
898,2026-02-23T11:14:45, service_crash, service_crash,0.99930894,3,True
899,2026-02-23T11:14:50, service_crash, service_crash,0.99936265,3,True
900,2026-02-23T11:14:55, service_crash, service_crash,0.99930894,3,True
901,2026-02-23T11:15:00, service_crash, service_crash,0.9904793,3,True
902,2026-02-23T11:15:05, service_crash, service_crash,0.9992673,3,True
903,2026-02-23T11:15:10, service_crash, service_crash,0.9981653,3,True
904,2026-02-23T11:15:15, service_crash, service_crash,0.9993962,3,True
905,2026-02-23T11:15:20, service_crash, service_crash,0.99934465,3,True
906,2026-02-23T11:15:25, service_crash, service_crash,0.99927455,3,True
907,2026-02-23T11:15:30, service_crash, service_crash,0.9993352,3,True
908,2026-02-23T11:15:35, service_crash, service_crash,0.9993475,3,True
909,2026-02-23T11:15:40, service_crash, service_crash,0.9994246,3,True
910,2026-02-23T11:15:45, service_crash, service_crash,0.9992735,3,True
911,2026-02-23T11:15:50, service_crash, service_crash,0.9993037,3,True
912,2026-02-23T11:15:55, service_crash, service_crash,0.99926955,3,True
913,2026-02-23T11:16:00, service_crash, service_crash,0.9993488,3,True
914,2026-02-23T11:16:05, service_crash, service_crash,0.9993814,3,True
915,2026-02-23T11:16:10, service_crash, service_crash,0.9969766,3,True
916,2026-02-23T11:16:15, service_crash, service_crash,0.9992843,3,True
917,2026-02-23T11:16:20, service_crash, service_crash,0.98749757,3,True
918,2026-02-23T11:16:25, service_crash, service_crash,0.9993507,3,True
919,2026-02-23T11:16:30, service_crash, service_crash,0.9992487,3,True
920,2026-02-23T11:16:35, service_crash, service_crash,0.9991035,3,True
921,2026-02-23T11:16:40, service_crash, service_crash,0.999226,3,True
922,2026-02-23T11:16:45, service_crash, service_crash,0.99944,3,True
923,2026-02-23T11:16:50, service_crash, service_crash,0.9993672,3,True
924,2026-02-23T11:16:55, service_crash, service_crash,0.99916327,3,True
925,2026-02-23T11:17:00, service_crash, service_crash,0.99925345,3,True
926,2026-02-23T11:17:05, service_crash, service_crash,0.9988581,3,True
927,2026-02-23T11:17:10, service_crash, service_crash,0.9993955,3,True
928,2026-02-23T11:17:15, service_crash, service_crash,0.99925727,3,True
929,2026-02-23T11:17:20, service_crash, service_crash,0.99937505,3,True
930,2026-02-23T11:17:25, service_crash, service_crash,0.9994222,3,True
931,2026-02-23T11:17:30, service_crash, service_crash,0.9846889,3,True
932,2026-02-23T11:17:35, service_crash, service_crash,0.9991247,3,True
933,2026-02-23T11:17:40, service_crash, service_crash,0.9992072,3,True
934,2026-02-23T11:17:45, service_crash, service_crash,0.99937063,3,True
935,2026-02-23T11:17:50, service_crash, service_crash,0.9993962,3,True
936,2026-02-23T11:17:55, service_crash, service_crash,0.9994198,3,True
937,2026-02-23T11:18:00, service_crash, service_crash,0.9993814,3,True
938,2026-02-23T11:18:05, service_crash, service_crash,0.9837863,3,True
939,2026-02-23T11:18:10, service_crash, service_crash,0.99932575,3,True
940,2026-02-23T11:18:15, service_crash, service_crash,0.9950814,3,True
941,2026-02-23T11:18:20, service_crash, service_crash,0.9993575,3,True
942,2026-02-23T11:18:25, service_crash, service_crash,0.99931884,3,True
943,2026-02-23T11:18:30, service_crash, service_crash,0.9993788,3,True
944,2026-02-23T11:18:35, service_crash, service_crash,0.9994522,3,True
945,2026-02-23T11:18:40, service_crash, service_crash,0.9993389,3,True
946,2026-02-23T11:18:45, service_crash, service_crash,0.99940145,3,True
947,2026-02-23T11:18:50, service_crash, service_crash,0.99922144,3,True
948,2026-02-23T11:18:55, service_crash, service_crash,0.9980071,3,True
949,2026-02-23T11:19:00, service_crash, service_crash,0.9992711,3,True
950,2026-02-23T11:19:05, service_crash, service_crash,0.99939036,3,True
951,2026-02-23T11:19:10, service_crash, service_crash,0.99930894,3,True
952,2026-02-23T11:19:15, service_crash, service_crash,0.9994473,3,True
953,2026-02-23T11:19:20, service_crash, service_crash,0.9994019,3,True
954,2026-02-23T11:19:25, service_crash, service_crash,0.9993723,3,True
955,2026-02-23T11:19:30, service_crash, service_crash,0.99932635,3,True
956,2026-02-23T11:19:35, service_crash, service_crash,0.99912626,3,True
957,2026-02-23T11:19:40, service_crash, service_crash,0.9992817,3,True
958,2026-02-23T11:19:45, service_crash, service_crash,0.9993167,3,True
959,2026-02-23T11:19:50, service_crash, service_crash,0.9992773,3,True
960,2026-02-23T11:19:55, service_crash, service_crash,0.9988392,3,True
961,2026-02-23T11:20:00, service_crash, service_crash,0.99940073,3,True
962,2026-02-23T11:20:05, service_crash, service_crash,0.9992526,3,True
963,2026-02-23T11:20:10, service_crash, service_crash,0.9993766,3,True
964,2026-02-23T11:20:15, service_crash, service_crash,0.9993349,3,True
965,2026-02-23T11:20:20, service_crash, service_crash,0.99940765,3,True
966,2026-02-23T11:20:25, service_crash, service_crash,0.9993105,3,True
967,2026-02-23T11:20:30, service_crash, service_crash,0.99925345,3,True
968,2026-02-23T11:20:35, service_crash, service_crash,0.999226,3,True
969,2026-02-23T11:20:40, service_crash, service_crash,0.99933916,3,True
970,2026-02-23T11:20:45, service_crash, service_crash,0.99870455,3,True
971,2026-02-23T11:20:50, service_crash, service_crash,0.9992725,3,True
972,2026-02-23T11:20:55, service_crash, service_crash,0.9988392,3,True
973,2026-02-23T11:21:00, service_crash, service_crash,0.990267,3,True
974,2026-02-23T11:21:05, service_crash, service_crash,0.99938893,3,True
975,2026-02-23T11:21:10, service_crash, service_crash,0.9992642,3,True
976,2026-02-23T11:21:15, service_crash, service_crash,0.9947037,3,True
977,2026-02-23T11:21:20, service_crash, service_crash,0.999382,3,True
978,2026-02-23T11:21:25, service_crash, service_crash,0.99326456,3,True
979,2026-02-23T11:21:30, service_crash, service_crash,0.99934655,3,True
980,2026-02-23T11:21:35, service_crash, service_crash,0.9884517,3,True
981,2026-02-23T11:21:40, service_crash, service_crash,0.9992149,3,True
982,2026-02-23T11:21:45, service_crash, service_crash,0.9994242,3,True
983,2026-02-23T11:21:50, service_crash, service_crash,0.98467064,3,True
984,2026-02-23T11:21:55, service_crash, service_crash,0.9993813,3,True
985,2026-02-23T11:22:00, service_crash, service_crash,0.9994449,3,True
986,2026-02-23T11:22:05, service_crash, service_crash,0.9993262,3,True
987,2026-02-23T11:22:10, service_crash, service_crash,0.99929154,3,True
988,2026-02-23T11:22:15, service_crash, service_crash,0.9993266,3,True
989,2026-02-23T11:22:20, service_crash, service_crash,0.9954223,3,True
990,2026-02-23T11:22:25, service_crash, service_crash,0.99940646,3,True
991,2026-02-23T11:22:30, service_crash, service_crash,0.9993907,3,True
992,2026-02-23T11:22:35, service_crash, service_crash,0.9992072,3,True
993,2026-02-23T11:22:40, service_crash, service_crash,0.99943477,3,True
994,2026-02-23T11:22:45, service_crash, service_crash,0.9991345,3,True
995,2026-02-23T11:22:50, service_crash, service_crash,0.9992836,3,True
996,2026-02-23T11:22:55, service_crash, service_crash,0.9993919,3,True
997,2026-02-23T11:23:00, service_crash, service_crash,0.99928135,3,True
998,2026-02-23T11:23:05, service_crash, service_crash,0.9993606,3,True
999,2026-02-23T11:23:10, service_crash, service_crash,0.9993599,3,True
1000,2026-02-23T11:23:15, service_crash, service_crash,0.9994342,3,True
